sequence,sample,x,y,z,time_s
29218,1,-2,-4359,1133,0.000000000
29218,2,12,-4369,1144,0.001187424
29218,3,6,-4348,1093,0.002374848
29218,4,18,-4343,1076,0.003562272
29218,5,-18,-4285,1179,0.004749696
29218,6,2,-4274,1244,0.005937120
29218,7,16,-4209,1334,0.007124544
29218,8,78,-4143,1407,0.008311968
29218,9,125,-4120,1399,0.009499392
29218,10,204,-4057,1350,0.010686816
29218,11,293,-3974,1303,0.011874240
29218,12,318,-3862,1236,0.013061664
29218,13,388,-3771,1195,0.014249088
29218,14,386,-3731,1208,0.015436512
29218,15,341,-3743,1202,0.016623936
29218,16,317,-3821,1285,0.017811360
29218,17,258,-3850,1291,0.018998784
29218,18,245,-3878,1284,0.020186208
29218,19,278,-3833,1208,0.021373632
29218,20,350,-3807,1003,0.022561056
29218,21,360,-3821,903,0.023748480
29218,22,353,-3838,765,0.024935904
29218,23,288,-3898,802,0.026123328
29218,24,157,-4008,881,0.027310752
29218,25,43,-4147,1013,0.028498176
29218,26,-32,-4249,1128,0.029685600
29218,27,-52,-4334,1207,0.030873024
29218,28,-40,-4392,1205,0.032060448
29218,29,30,-4341,1047,0.033247872
29218,30,102,-4276,963,0.034435296
29218,31,137,-4214,855,0.035622720
29218,32,186,-4152,820,0.036810144
29218,33,169,-4152,804,0.037997568
29218,34,92,-4204,932,0.039184992
29218,35,43,-4256,1001,0.040372416
29218,36,-18,-4252,1043,0.041559840
29218,37,21,-4265,945,0.042747264
29218,38,71,-4243,854,0.043934688
29218,39,136,-4242,638,0.045122112
29218,40,176,-4199,528,0.046309536
29218,41,157,-4148,440,0.047496960
29218,42,103,-4171,534,0.048684384
29218,43,-14,-4196,634,0.049871808
29218,44,-80,-4192,712,0.051059232
29218,45,-140,-4145,856,0.052246656
29218,46,-110,-4117,825,0.053434080
29218,47,-48,-4103,817,0.054621504
29218,48,33,-4079,724,0.055808928
29218,49,92,-4056,735,0.056996352
29218,50,89,-4064,812,0.058183776
29218,51,44,-4077,951,0.059371200
29218,52,-4,-4091,1124,0.060558624
29218,53,-51,-4077,1235,0.061746048
29218,54,-46,-4101,1293,0.062933472
29218,55,-7,-4095,1323,0.064120896
29218,56,8,-4120,1225,0.065308320
29218,57,67,-4070,1141,0.066495744
29218,58,110,-4040,1045,0.067683168
29218,59,125,-4014,1121,0.068870592
29218,60,75,-4023,1100,0.070058016
29218,61,65,-4078,1152,0.071245440
29218,62,15,-4192,1249,0.072432864
29218,63,25,-4285,1285,0.073620288
29218,64,67,-4267,1312,0.074807712
29219,1,137,-4247,1268,0.075995136
29219,2,131,-4187,1315,0.077182560
29219,3,128,-4093,1260,0.078369984
29219,4,126,-4034,1240,0.079557408
29219,5,111,-3938,1255,0.080744832
29219,6,151,-3895,1230,0.081932256
29219,7,146,-3896,1204,0.083119680
29219,8,136,-3942,1176,0.084307104
29219,9,149,-3974,1166,0.085494528
29219,10,228,-3987,1144,0.086681952
29219,11,306,-3974,1150,0.087869376
29219,12,331,-3949,1111,0.089056800
29219,13,365,-3975,1022,0.090244224
29219,14,325,-4033,1046,0.091431648
29219,15,266,-4144,972,0.092619072
29219,16,207,-4247,955,0.093806496
29219,17,120,-4345,952,0.094993920
29219,18,76,-4388,945,0.096181344
29219,19,29,-4406,945,0.097368768
29219,20,50,-4409,946,0.098556192
29219,21,65,-4446,892,0.099743616
29219,22,117,-4488,886,0.100931040
29219,23,179,-4509,904,0.102118464
29219,24,195,-4493,855,0.103305888
29219,25,205,-4483,864,0.104493312
29219,26,216,-4479,859,0.105680736
29219,27,242,-4491,820,0.106868160
29219,28,243,-4430,888,0.108055584
29219,29,237,-4361,884,0.109243008
29219,30,239,-4269,924,0.110430432
29219,31,241,-4216,971,0.111617856
29219,32,247,-4188,935,0.112805280
29219,33,274,-4181,843,0.113992704
29219,34,283,-4157,813,0.115180128
29219,35,264,-4101,700,0.116367552
29219,36,222,-4017,704,0.117554976
29219,37,148,-3925,724,0.118742400
29219,38,69,-3857,789,0.119929824
29219,39,8,-3802,850,0.121117248
29219,40,-40,-3797,916,0.122304672
29219,41,-35,-3807,959,0.123492096
29219,42,-2,-3810,975,0.124679520
29219,43,-21,-3794,982,0.125866944
29219,44,-6,-3776,996,0.127054368
29219,45,-17,-3779,1017,0.128241792
29219,46,12,-3768,1100,0.129429216
29219,47,-9,-3720,1219,0.130616640
29219,48,-24,-3637,1305,0.131804064
29219,49,-31,-3558,1435,0.132991488
29219,50,36,-3555,1406,0.134178912
29219,51,142,-3620,1389,0.135366336
29219,52,206,-3689,1284,0.136553760
29219,53,284,-3744,1169,0.137741184
29219,54,291,-3810,1104,0.138928608
29219,55,231,-3880,1118,0.140116032
29219,56,170,-3961,1092,0.141303456
29219,57,44,-4014,1117,0.142490880
29219,58,-7,-4041,1216,0.143678304
29219,59,-51,-4042,1239,0.144865728
29219,60,-70,-4076,1225,0.146053152
29219,61,-60,-4134,1196,0.147240576
29219,62,-45,-4183,1131,0.148428000
29219,63,-7,-4256,1086,0.149615424
29219,64,-6,-4255,1095,0.150802848
29220,1,4,-4252,1063,0.151990272
29220,2,-22,-4243,1152,0.153177696
29220,3,-30,-4251,1164,0.154365120
29220,4,1,-4230,1182,0.155552544
29220,5,-5,-4196,1180,0.156739968
29220,6,30,-4214,1133,0.157927392
29220,7,73,-4199,1069,0.159114816
29220,8,127,-4218,943,0.160302240
29220,9,130,-4237,871,0.161489664
29220,10,151,-4221,792,0.162677088
29220,11,174,-4176,720,0.163864512
29220,12,232,-4144,663,0.165051936
29220,13,259,-4154,614,0.166239360
29220,14,284,-4160,553,0.167426784
29220,15,303,-4181,526,0.168614208
29220,16,329,-4217,514,0.169801632
29220,17,349,-4217,553,0.170989056
29220,18,345,-4154,616,0.172176480
29220,19,281,-4071,732,0.173363904
29220,20,233,-4019,831,0.174551328
29220,21,215,-3974,920,0.175738752
29220,22,223,-3956,947,0.176926176
29220,23,247,-3900,981,0.178113600
29220,24,272,-3887,974,0.179301024
29220,25,276,-3903,943,0.180488448
29220,26,224,-3942,975,0.181675872
29220,27,172,-3989,960,0.182863296
29220,28,88,-4038,1015,0.184050720
29220,29,35,-4060,1000,0.185238144
29220,30,-7,-4058,1078,0.186425568
29220,31,-34,-4031,1035,0.187612992
29220,32,-18,-4039,1030,0.188800416
29220,33,-30,-4063,1014,0.189987840
29220,34,-11,-4083,1001,0.191175264
29220,35,-33,-4081,1027,0.192362688
29220,36,-79,-4066,1100,0.193550112
29220,37,-96,-4027,1198,0.194737536
29220,38,-99,-3995,1272,0.195924960
29220,39,-118,-3968,1288,0.197112384
29220,40,-82,-3940,1269,0.198299808
29220,41,-34,-3888,1270,0.199487232
29220,42,23,-3840,1232,0.200674656
29220,43,80,-3801,1194,0.201862080
29220,44,102,-3775,1175,0.203049504
29220,45,111,-3775,1239,0.204236928
29220,46,110,-3766,1209,0.205424352
29220,47,109,-3746,1192,0.206611776
29220,48,107,-3724,1212,0.207799200
29220,49,93,-3708,1148,0.208986624
29220,50,77,-3706,1043,0.210174048
29220,51,50,-3739,977,0.211361472
29220,52,23,-3779,939,0.212548896
29220,53,-7,-3846,925,0.213736320
29220,54,-64,-3869,909,0.214923744
29220,55,-120,-3900,964,0.216111168
29220,56,-177,-3918,1040,0.217298592
29220,57,-186,-3940,1053,0.218486016
29220,58,-143,-3942,1005,0.219673440
29220,59,-104,-3931,993,0.220860864
29220,60,-70,-3911,993,0.222048288
29220,61,0,-3884,994,0.223235712
29220,62,41,-3895,1013,0.224423136
29220,63,48,-3930,1086,0.225610560
29220,64,52,-3971,1146,0.226797984
29221,1,30,-4004,1213,0.227985408
29221,2,5,-4063,1184,0.229172832
29221,3,54,-4116,1155,0.230360256
29221,4,62,-4152,1050,0.231547680
29221,5,80,-4166,966,0.232735104
29221,6,70,-4215,842,0.233922528
29221,7,74,-4268,775,0.235109952
29221,8,25,-4303,800,0.236297376
29221,9,-33,-4341,827,0.237484800
29221,10,-64,-4371,858,0.238672224
29221,11,-92,-4439,885,0.239859648
29221,12,-110,-4497,915,0.241047072
29221,13,-131,-4526,917,0.242234496
29221,14,-128,-4498,939,0.243421920
29221,15,-130,-4408,990,0.244609344
29221,16,-148,-4277,1036,0.245796768
29221,17,-120,-4173,1086,0.246984192
29221,18,-94,-4123,1148,0.248171616
29221,19,-76,-4088,1138,0.249359040
29221,20,-1,-4026,1184,0.250546464
29221,21,51,-3969,1122,0.251733888
29221,22,163,-3948,1070,0.252921312
29221,23,243,-3929,1009,0.254108736
29221,24,267,-3900,947,0.255296160
29221,25,264,-3894,923,0.256483584
29221,26,234,-3846,880,0.257671008
29221,27,227,-3830,854,0.258858432
29221,28,206,-3789,825,0.260045856
29221,29,184,-3745,700,0.261233280
29221,30,206,-3728,686,0.262420704
29221,31,192,-3789,664,0.263608128
29221,32,135,-3850,754,0.264795552
29221,33,33,-3859,834,0.265982976
29221,34,-58,-3843,994,0.267170400
29221,35,-106,-3800,1146,0.268357824
29221,36,-132,-3819,1270,0.269545248
29221,37,-182,-3856,1298,0.270732672
29221,38,-191,-3865,1380,0.271920096
29221,39,-180,-3747,1360,0.273107520
29221,40,-113,-3640,1381,0.274294944
29221,41,-76,-3606,1337,0.275482368
29221,42,-68,-3650,1377,0.276669792
29221,43,-120,-3773,1459,0.277857216
29221,44,-247,-3869,1625,0.279044640
29221,45,-337,-3890,1727,0.280232064
29221,46,-374,-3864,1749,0.281419488
29221,47,-362,-3836,1664,0.282606912
29221,48,-281,-3814,1488,0.283794336
29221,49,-220,-3815,1286,0.284981760
29221,50,-125,-3807,1133,0.286169184
29221,51,-81,-3806,1048,0.287356608
29221,52,-47,-3806,1001,0.288544032
29221,53,-13,-3868,1087,0.289731456
29221,54,-42,-3986,1123,0.290918880
29221,55,-51,-4087,1157,0.292106304
29221,56,-80,-4098,1196,0.293293728
29221,57,-53,-4059,1178,0.294481152
29221,58,31,-3976,1186,0.295668576
29221,59,64,-3832,1125,0.296856000
29221,60,85,-3648,1080,0.298043424
29221,61,195,-3561,1006,0.299230848
29221,62,256,-3600,1024,0.300418272
29221,63,280,-3682,1034,0.301605696
29221,64,237,-3789,1109,0.302793120
